<?xml version="1.0" encoding="utf-8"?><!-- Copyright (c) Microsoft Corporation.  All rights reserved. --><GroupPolicyBackupScheme bkp:version="2.0" bkp:type="GroupPolicyBackupTemplate" xmlns:bkp="http://www.microsoft.com/GroupPolicy/GPOOperations" xmlns="http://www.microsoft.com/GroupPolicy/GPOOperations">
    <GroupPolicyObject><SecurityGroups><Group bkp:Source="FromDACL"><Sid><![CDATA[S-1-5-21-2486213209-4078456270-2363361960-512]]></Sid><SamAccountName><![CDATA[Domain Admins]]></SamAccountName><Type><![CDATA[GlobalGroup]]></Type><NetBIOSDomainName><![CDATA[BAL]]></NetBIOSDomainName><DnsDomainName><![CDATA[bal.com]]></DnsDomainName><UPN><![CDATA[Domain Admins@bal.com]]></UPN></Group><Group bkp:Source="FromDACL"><Sid><![CDATA[S-1-5-21-2486213209-4078456270-2363361960-519]]></Sid><SamAccountName><![CDATA[Enterprise Admins]]></SamAccountName><Type><![CDATA[UniversalGroup]]></Type><NetBIOSDomainName><![CDATA[BAL]]></NetBIOSDomainName><DnsDomainName><![CDATA[bal.com]]></DnsDomainName><UPN><![CDATA[Enterprise Admins@bal.com]]></UPN></Group></SecurityGroups><FilePaths/><GroupPolicyCoreSettings><ID><![CDATA[{69612F7D-2179-4310-B1FA-3D88FCEBD4FD}]]></ID><Domain><![CDATA[bal.com]]></Domain><SecurityDescriptor>01 00 04 9c 00 00 00 00 00 00 00 00 00 00 00 00 14 00 00 00 04 00 ec 00 08 00 00 00 05 02 28 00 00 01 00 00 01 00 00 00 8f fd ac ed b3 ff d1 11 b4 1d 00 a0 c9 68 f9 39 01 01 00 00 00 00 00 05 0b 00 00 00 00 00 24 00 ff 00 0f 00 01 05 00 00 00 00 00 05 15 00 00 00 59 9a 30 94 ce 4d 18 f3 a8 0a de 8c 00 02 00 00 00 02 24 00 ff 00 0f 00 01 05 00 00 00 00 00 05 15 00 00 00 59 9a 30 94 ce 4d 18 f3 a8 0a de 8c 00 02 00 00 00 02 24 00 ff 00 0f 00 01 05 00 00 00 00 00 05 15 00 00 00 59 9a 30 94 ce 4d 18 f3 a8 0a de 8c 07 02 00 00 00 02 14 00 94 00 02 00 01 01 00 00 00 00 00 05 09 00 00 00 00 02 14 00 94 00 02 00 01 01 00 00 00 00 00 05 0b 00 00 00 00 02 14 00 ff 00 0f 00 01 01 00 00 00 00 00 05 12 00 00 00 00 0a 14 00 ff 00 0f 00 01 01 00 00 00 00 00 03 00 00 00 00</SecurityDescriptor><DisplayName><![CDATA[L2TPVPN]]></DisplayName><Options><![CDATA[0]]></Options><UserVersionNumber><![CDATA[393222]]></UserVersionNumber><MachineVersionNumber><![CDATA[1507351]]></MachineVersionNumber><MachineExtensionGuids><![CDATA[[{42B5FAAE-6536-11D2-AE5A-0000F87571E3}{40B6664F-4972-11D1-A7CA-0000F87571E3}]]]></MachineExtensionGuids><UserExtensionGuids><![CDATA[ ]]></UserExtensionGuids><WMIFilter/></GroupPolicyCoreSettings> 
        <GroupPolicyExtension bkp:ID="{35378EAC-683F-11D2-A89A-00C04FBBCFA2}" bkp:DescName="Registry">
            
            
            <FSObjectFile bkp:Path="%GPO_FSPATH%\Adm\*.*" bkp:SourceExpandedPath="\\BAL-DC01.bal.com\sysvol\bal.com\Policies\{69612F7D-2179-4310-B1FA-3D88FCEBD4FD}\Adm\*.*"/>
        </GroupPolicyExtension>
        
        
        <GroupPolicyExtension bkp:ID="{42B5FAAE-6536-11d2-AE5A-0000F87571E3}" bkp:DescName="Scripts">
            <FSObjectFile bkp:Path="%GPO_MACH_FSPATH%\Scripts\scripts.ini" bkp:SourceExpandedPath="\\BAL-DC01.bal.com\sysvol\bal.com\Policies\{69612F7D-2179-4310-B1FA-3D88FCEBD4FD}\Machine\Scripts\scripts.ini" bkp:ReEvaluateFunction="ScriptsValidatePaths" bkp:Location="DomainSysvol\GPO\Machine\Scripts\scripts.ini"/>
	    <FSObjectFile bkp:Path="%GPO_MACH_FSPATH%\Scripts\PSscripts.ini" bkp:SourceExpandedPath="\\BAL-DC01.bal.com\sysvol\bal.com\Policies\{69612F7D-2179-4310-B1FA-3D88FCEBD4FD}\Machine\Scripts\PSscripts.ini" bkp:Location="DomainSysvol\GPO\Machine\Scripts\PSscripts.ini"/>
            <FSObjectDir bkp:Path="%GPO_MACH_FSPATH%\Scripts\Startup\*" bkp:SourceExpandedPath="\\BAL-DC01.bal.com\sysvol\bal.com\Policies\{69612F7D-2179-4310-B1FA-3D88FCEBD4FD}\Machine\Scripts\Startup\*"><FSObjectDir bkp:Path="%GPO_MACH_FSPATH%\Scripts\Startup" bkp:SourceExpandedPath="\\BAL-DC01.bal.com\sysvol\bal.com\Policies\{69612F7D-2179-4310-B1FA-3D88FCEBD4FD}\Machine\Scripts\Startup" bkp:Location="DomainSysvol\GPO\Machine\Scripts\Startup"/></FSObjectDir>
            <FSObjectFile bkp:Path="%GPO_MACH_FSPATH%\Scripts\Startup\*" bkp:SourceExpandedPath="\\BAL-DC01.bal.com\sysvol\bal.com\Policies\{69612F7D-2179-4310-B1FA-3D88FCEBD4FD}\Machine\Scripts\Startup\*"><FSObjectFile bkp:Path="%GPO_MACH_FSPATH%\Scripts\Startup\VPN.ps1" bkp:SourceExpandedPath="\\BAL-DC01.bal.com\sysvol\bal.com\Policies\{69612F7D-2179-4310-B1FA-3D88FCEBD4FD}\Machine\Scripts\Startup\VPN.ps1" bkp:Location="DomainSysvol\GPO\Machine\Scripts\Startup\VPN.ps1"/></FSObjectFile>
            <FSObjectDir bkp:Path="%GPO_MACH_FSPATH%\Scripts\Shutdown\*" bkp:SourceExpandedPath="\\BAL-DC01.bal.com\sysvol\bal.com\Policies\{69612F7D-2179-4310-B1FA-3D88FCEBD4FD}\Machine\Scripts\Shutdown\*"><FSObjectDir bkp:Path="%GPO_MACH_FSPATH%\Scripts\Shutdown" bkp:SourceExpandedPath="\\BAL-DC01.bal.com\sysvol\bal.com\Policies\{69612F7D-2179-4310-B1FA-3D88FCEBD4FD}\Machine\Scripts\Shutdown" bkp:Location="DomainSysvol\GPO\Machine\Scripts\Shutdown"/></FSObjectDir>
            <FSObjectFile bkp:Path="%GPO_MACH_FSPATH%\Scripts\Shutdown\*" bkp:SourceExpandedPath="\\BAL-DC01.bal.com\sysvol\bal.com\Policies\{69612F7D-2179-4310-B1FA-3D88FCEBD4FD}\Machine\Scripts\Shutdown\*"/>
            <FSObjectFile bkp:Path="%GPO_USER_FSPATH%\Scripts\scripts.ini" bkp:SourceExpandedPath="\\BAL-DC01.bal.com\sysvol\bal.com\Policies\{69612F7D-2179-4310-B1FA-3D88FCEBD4FD}\User\Scripts\scripts.ini" bkp:ReEvaluateFunction="ScriptsValidatePaths" bkp:Location="DomainSysvol\GPO\User\Scripts\scripts.ini"/>
	    <FSObjectFile bkp:Path="%GPO_USER_FSPATH%\Scripts\PSscripts.ini" bkp:SourceExpandedPath="\\BAL-DC01.bal.com\sysvol\bal.com\Policies\{69612F7D-2179-4310-B1FA-3D88FCEBD4FD}\User\Scripts\PSscripts.ini" bkp:Location="DomainSysvol\GPO\User\Scripts\PSscripts.ini"/>
            <FSObjectDir bkp:Path="%GPO_USER_FSPATH%\Scripts\Logon\*" bkp:SourceExpandedPath="\\BAL-DC01.bal.com\sysvol\bal.com\Policies\{69612F7D-2179-4310-B1FA-3D88FCEBD4FD}\User\Scripts\Logon\*"><FSObjectDir bkp:Path="%GPO_USER_FSPATH%\Scripts\Logon" bkp:SourceExpandedPath="\\BAL-DC01.bal.com\sysvol\bal.com\Policies\{69612F7D-2179-4310-B1FA-3D88FCEBD4FD}\User\Scripts\Logon" bkp:Location="DomainSysvol\GPO\User\Scripts\Logon"/></FSObjectDir>
            <FSObjectFile bkp:Path="%GPO_USER_FSPATH%\Scripts\Logon\*" bkp:SourceExpandedPath="\\BAL-DC01.bal.com\sysvol\bal.com\Policies\{69612F7D-2179-4310-B1FA-3D88FCEBD4FD}\User\Scripts\Logon\*"/>
            <FSObjectDir bkp:Path="%GPO_USER_FSPATH%\Scripts\Logoff\*" bkp:SourceExpandedPath="\\BAL-DC01.bal.com\sysvol\bal.com\Policies\{69612F7D-2179-4310-B1FA-3D88FCEBD4FD}\User\Scripts\Logoff\*"><FSObjectDir bkp:Path="%GPO_USER_FSPATH%\Scripts\Logoff" bkp:SourceExpandedPath="\\BAL-DC01.bal.com\sysvol\bal.com\Policies\{69612F7D-2179-4310-B1FA-3D88FCEBD4FD}\User\Scripts\Logoff" bkp:Location="DomainSysvol\GPO\User\Scripts\Logoff"/></FSObjectDir>
            <FSObjectFile bkp:Path="%GPO_USER_FSPATH%\Scripts\Logoff\*" bkp:SourceExpandedPath="\\BAL-DC01.bal.com\sysvol\bal.com\Policies\{69612F7D-2179-4310-B1FA-3D88FCEBD4FD}\User\Scripts\Logoff\*"/>
        </GroupPolicyExtension>
        
        
        
        
        
        
    <GroupPolicyExtension bkp:ID="{F15C46CD-82A0-4C2D-A210-5D0D3182A418}" bkp:DescName="Unknown Extension"><FSObjectDir bkp:Path="%GPO_MACH_FSPATH%\Microsoft" bkp:SourceExpandedPath="\\BAL-DC01.bal.com\sysvol\bal.com\Policies\{69612F7D-2179-4310-B1FA-3D88FCEBD4FD}\Machine\Microsoft" bkp:Location="DomainSysvol\GPO\Machine\Microsoft"/><FSObjectDir bkp:Path="%GPO_MACH_FSPATH%\Microsoft\Windows NT" bkp:SourceExpandedPath="\\BAL-DC01.bal.com\sysvol\bal.com\Policies\{69612F7D-2179-4310-B1FA-3D88FCEBD4FD}\Machine\Microsoft\Windows NT" bkp:Location="DomainSysvol\GPO\Machine\Microsoft\Windows NT"/><FSObjectDir bkp:Path="%GPO_MACH_FSPATH%\Microsoft\Windows NT\SecEdit" bkp:SourceExpandedPath="\\BAL-DC01.bal.com\sysvol\bal.com\Policies\{69612F7D-2179-4310-B1FA-3D88FCEBD4FD}\Machine\Microsoft\Windows NT\SecEdit" bkp:Location="DomainSysvol\GPO\Machine\Microsoft\Windows NT\SecEdit"/><FSObjectFile bkp:Path="%GPO_MACH_FSPATH%\Microsoft\Windows NT\SecEdit\GptTmpl.inf" bkp:SourceExpandedPath="\\BAL-DC01.bal.com\sysvol\bal.com\Policies\{69612F7D-2179-4310-B1FA-3D88FCEBD4FD}\Machine\Microsoft\Windows NT\SecEdit\GptTmpl.inf" bkp:Location="DomainSysvol\GPO\Machine\Microsoft\Windows NT\SecEdit\GptTmpl.inf"/><FSObjectDir bkp:Path="%GPO_MACH_FSPATH%\Preferences" bkp:SourceExpandedPath="\\BAL-DC01.bal.com\sysvol\bal.com\Policies\{69612F7D-2179-4310-B1FA-3D88FCEBD4FD}\Machine\Preferences" bkp:Location="DomainSysvol\GPO\Machine\Preferences"/><FSObjectDir bkp:Path="%GPO_MACH_FSPATH%\Preferences\NetworkOptions" bkp:SourceExpandedPath="\\BAL-DC01.bal.com\sysvol\bal.com\Policies\{69612F7D-2179-4310-B1FA-3D88FCEBD4FD}\Machine\Preferences\NetworkOptions" bkp:Location="DomainSysvol\GPO\Machine\Preferences\NetworkOptions"/><FSObjectDir bkp:Path="%GPO_MACH_FSPATH%\Scripts" bkp:SourceExpandedPath="\\BAL-DC01.bal.com\sysvol\bal.com\Policies\{69612F7D-2179-4310-B1FA-3D88FCEBD4FD}\Machine\Scripts" bkp:Location="DomainSysvol\GPO\Machine\Scripts"/><FSObjectDir bkp:Path="%GPO_USER_FSPATH%\Documents &amp; Settings" bkp:SourceExpandedPath="\\BAL-DC01.bal.com\sysvol\bal.com\Policies\{69612F7D-2179-4310-B1FA-3D88FCEBD4FD}\User\Documents &amp; Settings" bkp:Location="DomainSysvol\GPO\User\Documents &amp; Settings"/><FSObjectDir bkp:Path="%GPO_USER_FSPATH%\Scripts" bkp:SourceExpandedPath="\\BAL-DC01.bal.com\sysvol\bal.com\Policies\{69612F7D-2179-4310-B1FA-3D88FCEBD4FD}\User\Scripts" bkp:Location="DomainSysvol\GPO\User\Scripts"/></GroupPolicyExtension></GroupPolicyObject>
</GroupPolicyBackupScheme>