<BackupInst xmlns="http://www.microsoft.com/GroupPolicy/GPOOperations/Manifest"><GPOGuid><![CDATA[{69612F7D-2179-4310-B1FA-3D88FCEBD4FD}]]></GPOGuid><GPODomain><![CDATA[bal.com]]></GPODomain><GPODomainGuid><![CDATA[{19589245-54f5-4fa0-b436-9a01d2653bd1}]]></GPODomainGuid><GPODomainController><![CDATA[BAL-DC01.bal.com]]></GPODomainController><BackupTime><![CDATA[2019-01-31T14:08:02]]></BackupTime><ID><![CDATA[{0734225E-8169-4266-B4BD-0888DAACE319}]]></ID><Comment><![CDATA[L2TP Script]]></Comment><GPODisplayName><![CDATA[L2TPVPN]]></GPODisplayName></BackupInst>
