<BackupInst xmlns="http://www.microsoft.com/GroupPolicy/GPOOperations/Manifest"><GPOGuid><![CDATA[{A39A66C9-5E37-4F61-AC1E-BF68FD1DB72E}]]></GPOGuid><GPODomain><![CDATA[bal.com]]></GPODomain><GPODomainGuid><![CDATA[{19589245-54f5-4fa0-b436-9a01d2653bd1}]]></GPODomainGuid><GPODomainController><![CDATA[BAL-DC01.bal.com]]></GPODomainController><BackupTime><![CDATA[2019-01-31T14:08:22]]></BackupTime><ID><![CDATA[{27331634-71F0-4F69-80F0-7E829F78CA9B}]]></ID><Comment><![CDATA[Administrator]]></Comment><GPODisplayName><![CDATA[AccountSettings]]></GPODisplayName></BackupInst>
