<Backups xmlns="http://www.microsoft.com/GroupPolicy/GPOOperations/Manifest" xmlns:mfst="http://www.microsoft.com/GroupPolicy/GPOOperations/Manifest" mfst:version="1.0"><BackupInst><GPOGuid><![CDATA[{A39A66C9-5E37-4F61-AC1E-BF68FD1DB72E}]]></GPOGuid><GPODomain><![CDATA[bal.com]]></GPODomain><GPODomainGuid><![CDATA[{19589245-54f5-4fa0-b436-9a01d2653bd1}]]></GPODomainGuid><GPODomainController><![CDATA[BAL-DC01.bal.com]]></GPODomainController><BackupTime><![CDATA[2019-01-31T14:08:22]]></BackupTime><ID><![CDATA[{27331634-71F0-4F69-80F0-7E829F78CA9B}]]></ID><Comment><![CDATA[Administrator]]></Comment><GPODisplayName><![CDATA[AccountSettings]]></GPODisplayName></BackupInst><BackupInst mfst:SIPresent="true"><GPOGuid><![CDATA[{86057785-CC20-4355-9745-04E3C6CE1EE2}]]></GPOGuid><GPODomain><![CDATA[bal.com]]></GPODomain><GPODomainGuid><![CDATA[{19589245-54f5-4fa0-b436-9a01d2653bd1}]]></GPODomainGuid><GPODomainController><![CDATA[BAL-DC01.bal.com]]></GPODomainController><BackupTime><![CDATA[2019-01-31T14:08:12]]></BackupTime><ID><![CDATA[{8E8AF516-9F4E-4BFD-9D9B-1C0C58218C20}]]></ID><Comment><![CDATA[Antivirus]]></Comment><GPODisplayName><![CDATA[Antivirus]]></GPODisplayName></BackupInst><BackupInst><GPOGuid><![CDATA[{69612F7D-2179-4310-B1FA-3D88FCEBD4FD}]]></GPOGuid><GPODomain><![CDATA[bal.com]]></GPODomain><GPODomainGuid><![CDATA[{19589245-54f5-4fa0-b436-9a01d2653bd1}]]></GPODomainGuid><GPODomainController><![CDATA[BAL-DC01.bal.com]]></GPODomainController><BackupTime><![CDATA[2019-01-31T14:08:02]]></BackupTime><ID><![CDATA[{0734225E-8169-4266-B4BD-0888DAACE319}]]></ID><Comment><![CDATA[L2TP Script]]></Comment><GPODisplayName><![CDATA[L2TPVPN]]></GPODisplayName></BackupInst><BackupInst><GPOGuid><![CDATA[{BBBEEA92-1954-41A6-8712-2007CD55EAC4}]]></GPOGuid><GPODomain><![CDATA[bal.com]]></GPODomain><GPODomainGuid><![CDATA[{19589245-54f5-4fa0-b436-9a01d2653bd1}]]></GPODomainGuid><GPODomainController><![CDATA[BAL-DC01.bal.com]]></GPODomainController><BackupTime><![CDATA[2019-01-31T14:07:40]]></BackupTime><ID><![CDATA[{CC907D2F-2532-47A1-A5AF-AC4EE51BFBA5}]]></ID><Comment><![CDATA[Firewall GPO]]></Comment><GPODisplayName><![CDATA[Firewall]]></GPODisplayName></BackupInst></Backups>