<BackupInst xmlns="http://www.microsoft.com/GroupPolicy/GPOOperations/Manifest"><GPOGuid><![CDATA[{BBBEEA92-1954-41A6-8712-2007CD55EAC4}]]></GPOGuid><GPODomain><![CDATA[bal.com]]></GPODomain><GPODomainGuid><![CDATA[{19589245-54f5-4fa0-b436-9a01d2653bd1}]]></GPODomainGuid><GPODomainController><![CDATA[BAL-DC01.bal.com]]></GPODomainController><BackupTime><![CDATA[2019-01-31T14:07:40]]></BackupTime><ID><![CDATA[{CC907D2F-2532-47A1-A5AF-AC4EE51BFBA5}]]></ID><Comment><![CDATA[Firewall GPO]]></Comment><GPODisplayName><![CDATA[Firewall]]></GPODisplayName></BackupInst>
