<BackupInst xmlns="http://www.microsoft.com/GroupPolicy/GPOOperations/Manifest" xmlns:mfst="http://www.microsoft.com/GroupPolicy/GPOOperations/Manifest" mfst:SIPresent="true"><GPOGuid><![CDATA[{86057785-CC20-4355-9745-04E3C6CE1EE2}]]></GPOGuid><GPODomain><![CDATA[bal.com]]></GPODomain><GPODomainGuid><![CDATA[{19589245-54f5-4fa0-b436-9a01d2653bd1}]]></GPODomainGuid><GPODomainController><![CDATA[BAL-DC01.bal.com]]></GPODomainController><BackupTime><![CDATA[2019-01-31T14:08:12]]></BackupTime><ID><![CDATA[{8E8AF516-9F4E-4BFD-9D9B-1C0C58218C20}]]></ID><Comment><![CDATA[Antivirus]]></Comment><GPODisplayName><![CDATA[Antivirus]]></GPODisplayName></BackupInst>
